vel_kp_0,vel_kp_1,vel_kp_2,vel_kp_3,vel_kp_4,vel_kp_5,vel_kp_6,vel_kp_7,vel_kp_8,vel_kp_9,vel_kp_10,vel_kp_11,vel_kp_12,vel_kp_13,vel_kp_14,vel_kp_15,vel_kp_16,vel_kp_17,vel_kp_18,vel_kp_19,vel_kp_20,vel_kp_21,vel_kp_22,vel_kp_23,vel_kp_24,vel_kp_25,vel_kp_26,vel_kp_27,vel_kp_28,vel_kp_29,vel_kp_30,vel_kp_31,vel_kp_32
0.16923034842612342,0.11886219678455315,0.1046144655061425,0.09004123233126053,0.15931006836762945,0.1649276605819999,0.17304342859356972,0.031230306369538594,0.15225533033396174,0.1255698968800849,0.18117823857093385,0.0668344229107667,0.0909406489152524,0.01895609250348722,0.07887368969690173,0.1104284417040732,0.19785241416590668,0.10162369722905985,0.1768192721197492,0.08057234720091858,0.1449185102109829,0.09221606089754963,0.1371929948864062,0.09153571566129375,0.07006471881514004,0.09260614263437204,0.0006795141254438434,0.047244376739672966,0.07206183174975886,0.05109905518368007,0.10986662062004993,0.05295035144353163,0.0737355365365624
0.28526594800930266,0.2715100141587361,0.2629583927133642,0.2625038945051207,0.27748996907602164,0.2633518798309516,0.25076141922928447,0.22545485754716954,0.15725912972141706,0.24759861595889893,0.2611056258818212,0.2734020787418285,0.03580423527380951,0.1689708523085518,0.5870284580656,0.13020421773958502,1.1419362385662812,0.12679089253904677,1.2832709796193629,0.13343122508324964,1.318042053542189,0.14770596650833462,1.2822534389119415,0.08299531523471217,0.11695147133781765,0.10509153292202544,0.09605690035372623,0.006215439441342648,0.04153096331769034,0.04092220056486194,0.06052512158657594,0.14856556883843797,0.031050499040177277
0.25548666360192984,0.2918692233533089,0.2901919172543937,0.27750829795711474,0.26500719977287485,0.2582586873197736,0.2559380456626353,0.2200599488946957,0.185200409607602,0.21550712955144113,0.2053903467195824,0.1667156267413883,0.2513753432148193,0.17212420559226374,1.1480617539650484,0.6880592205474397,1.9504945882862978,0.9540298750646541,2.2092445255876885,0.9677529301863259,2.224906624409018,0.9087993748124815,2.1378025008757673,0.2657982735872894,0.18074153396108067,0.8486340705316247,0.4877410311017767,0.7678444882811687,0.16066639644177771,0.8914038312277409,0.13139792614836976,0.47730617431608396,0.22625464749293975
0.24856183330201095,0.2741041350582403,0.29816070019198604,0.32034036024627943,0.24181202662600482,0.23395212230684262,0.21985252025922966,0.3412489734475291,0.16736865350076646,0.2678910661504142,0.18838832561980784,0.6628825795759451,0.00486238301071896,0.7096010587102238,0.5180025663722079,1.8749115711983584,1.2914843656057196,2.175772365362042,1.5135871789635067,2.179290287349271,1.5520728847588114,2.066982436324999,1.4964484516901573,0.5144721413615915,0.4292434935014571,0.3030352729258551,0.32367419224807836,1.1621160062335554,0.12715858332128058,1.3624504195950526,0.17549104601778537,0.9573662747364565,0.08692719271808699
0.15397135383982263,0.19263745969095217,0.19905146962650283,0.21325332712754583,0.15426366163659336,0.14052401222556699,0.12425151537082524,0.2511492105580425,0.11624298879228379,0.15181266903939528,0.10144577081696995,0.2637135229058921,0.1440587603380466,1.0137254602939578,0.3432917302240985,1.287904479428717,0.9983803604038433,1.3857109090468875,1.163794051180072,1.366461321479422,1.2262650001530158,1.2855962618621646,1.2199253083092854,0.26120856645702084,0.2887731845271531,0.3194589632115552,0.2815845762233221,0.5106102355537309,0.21074721353174075,0.6038415059853256,0.3452184260921819,0.6225654190374051,0.11262954032292201
0.051124893825033685,0.07332349155941806,0.09463061417014189,0.12023467855299506,0.06613375907429808,0.06774111162229689,0.06998645937321421,0.13846589626652045,0.007263562108304716,0.09400846669509103,0.04144415432708961,0.14322745402970763,0.24613070624853245,0.1632478696400954,0.4534748353935691,0.5482875269909383,0.9642542849412605,0.8055330495813533,1.182324923358687,0.7824986185804605,1.2032011672398752,0.7496495953167505,1.1175850890469528,0.2665337936488994,0.23308422911824178,0.6402273652288837,0.13395933522370482,0.536376889166633,0.08988031433093242,0.46564729959040707,0.0906673688561496,0.23180175500989159,0.029420834578074713
0.07799029922657626,0.06074643676384277,0.06239901091818508,0.06971065009176038,0.08267816017004544,0.08322129829982051,0.08225777372641951,0.06673609493896034,0.062124050890327596,0.07683818697052419,0.0764618232570241,0.07497723844258908,0.18208983928472164,0.23325360566051936,0.42133796724693046,0.4631371735083372,0.2877581977308212,0.5264428099418452,0.22041766139106625,0.4759225751109891,0.09751267925604354,0.43963613418332864,0.11196895415066976,0.22072223391077073,0.26447464164565676,0.11105999791668025,0.20879886413480345,0.1591252939233741,0.09110093612467879,0.264956684704074,0.11952081082194255,0.09605563542006922,0.0010385676632175351
0.12495599799846767,0.13430106779067377,0.1390509127535957,0.14167738017513706,0.12960516762599705,0.12457026978890176,0.11975713499281515,0.06995517813338956,0.08902095043598485,0.05854495503467707,0.058452703671204705,0.26066949794262995,0.1738115279301983,0.6263063932522906,0.7399097190549163,1.2751077438586913,1.6558579745277082,1.5142389409206902,2.157836761078382,1.579707796275673,2.14240554888481,1.4941316050379365,1.997560546143795,0.18913305868776206,0.12123567963386518,0.09899676041505502,0.011752720599273486,0.041322088405612745,0.022633199672974665,0.09493985661924773,0.011448071984869516,0.050245617450648,0.02558708833263257
0.2688707886190555,0.25085380789390627,0.24114174415419593,0.2453868535644291,0.2376367044308437,0.2409719758815126,0.2429316660927133,0.2769185079251696,0.2864065720853671,0.3262476633140407,0.32985069612672807,0.2865070499362139,0.25668853457880403,0.9301572808132919,0.26572642108440353,1.791446180058933,1.1814881081713193,1.9486803762041198,1.2019111096634076,1.8612934372764585,1.306145577124701,1.7844111778245084,1.2790774756964896,0.22146967824706268,0.17351878235781462,0.17474436180135294,0.07551519682981904,0.010112861222173685,0.09980361486631661,0.03057880700549124,0.1827194998792019,0.09756321400414932,0.05519342518912633
0.25011832901709125,0.24442086925532916,0.23013262071906357,0.22653517973894235,0.21671976599017478,0.20543755121801946,0.20193640313718197,0.20689973410896706,0.19517921657707785,0.2511654456705715,0.2488343280871682,0.19621821598810724,0.1694310728242273,1.027175732389838,0.0876729067980909,2.3707550935898767,0.7280592124939917,2.674066968192212,0.7536847769866715,2.7336599354698463,0.7587535556351338,2.6919052626280973,0.7689466609433157,0.17627283127055968,0.12982233356774145,0.19397744946014683,0.27680346661944927,0.04656762690613636,0.5904993786956817,0.06319380324422347,0.602170460256446,0.10342811554381545,0.7024452825875933
0.10017822079814494,0.11713994431196136,0.11661995773345682,0.11498529631279934,0.10654680615821555,0.11117721450863582,0.10944172452479542,0.12022579355761055,0.10853859794984105,0.09632753701020334,0.08253018772852423,0.1588625139670735,0.026473124956396366,1.1313547818025678,0.3765279023386765,2.32066602454605,0.8063252767631629,2.6168621081899532,1.097954978004084,2.6375740434858117,1.131240382938638,2.5120894406372365,1.0496000517767428,0.147026449497121,0.1583662566703411,0.16450075352307333,0.5519514879043775,0.1615852582159774,0.81027833030871,0.2133691468896295,0.8685101512978867,0.29875349521313693,0.7437618444301146
0.17612631405073498,0.19464890294131632,0.19491099905906495,0.19894267870571436,0.16993479958615382,0.16177856988704648,0.1555994542738139,0.21958748504309367,0.14409531543602008,0.19020554288493555,0.17223159013328176,0.09583001795352229,0.1929964666791283,0.31173627683614835,0.16695424386487195,0.9310219042561266,1.0710611198337006,1.2362897227548606,1.2650907003424101,1.3254557245412273,1.276696836482145,1.244472190667173,1.1832826856796612,0.3092950081561302,0.5012405731011765,0.5341235389883057,1.0013601110896602,0.10298919699149482,0.9988622344317237,0.2828971516766004,0.9781657174522886,0.06414427920448477,0.9871883966022239
0.13499092131353513,0.13430338083879884,0.1364969848681714,0.13420230722888152,0.13087625924274154,0.12505209818760685,0.12060495356911013,0.1423020766117516,0.11773416765078737,0.133148969239872,0.13291666181686795,0.11053882009502672,0.13986556540187273,0.08351383774598792,0.11492964116120265,0.21116543947093222,0.43323398323252676,0.2857592802091781,0.4249709496232309,0.31422111088511834,0.4155697787228475,0.29148429385860414,0.4202528257211904,0.1820782952160246,0.18066051718702286,0.27644655633357695,0.15031224796071294,0.0605080217245504,0.1021899094170316,0.09616543624439748,0.15026258664125644,0.01974297208424744,0.061479937986069724
0.13847663720295747,0.16218614829144404,0.15555895260644084,0.14616654853558414,0.1665482780102803,0.16802920960392845,0.16467422024611117,0.15603756109787217,0.14914686294733923,0.10388150014674216,0.11736985936434949,0.06211686482424138,0.14549066819416934,0.2868418278874206,0.059279433098130496,0.6085400278717795,0.31510201373294294,0.7281141473369914,0.45151977322249504,0.6902879156177885,0.4878244565945203,0.6535033295090172,0.46353255414158195,0.05044248177402282,0.06274391134177362,0.13430681497694674,0.1080294512941031,0.08555297524241179,0.013063856377707185,0.10635614792815437,0.09713664389947341,0.05407672619064673,0.11158800511161453
0.45259546391446515,0.4300746555406149,0.4157303142099154,0.3963714417264588,0.43357938131393337,0.41720478641818964,0.3925514775962047,0.25386724077441325,0.2547807772020823,0.33880168482781753,0.3709748823429566,0.19728897965643952,0.07398954865838793,0.8579667433169964,0.3467121291148292,1.8378180663251336,1.4553657696030349,2.2668626545559314,1.6654012829213702,2.3834695125567196,1.7107066195558644,2.249122759879097,1.6418523845133857,0.11382477249606629,0.09258421851584532,0.09972834709650544,0.07840059745969793,0.07384438324743334,0.06934896423716222,0.1515710174318257,0.10626013679667992,0.15942491768708245,0.021760757237903765
0.2787700175574336,0.28223392116440077,0.27288769882403624,0.26794233975799925,0.2958332562836518,0.29346776355330795,0.29106332014962777,0.2202762043710973,0.2726746909354244,0.22671825496559803,0.239885053922527,0.2552912330658033,0.09201714370565382,0.8297586642124319,0.636211982439793,1.3765130119968783,1.4739686838269825,1.4717456074790247,1.7178179224782544,1.4497710819858725,1.738078643146837,1.4231208259571129,1.6658528075737133,0.09956147116423383,0.08139450707740041,0.14847277462201014,0.16799246029375853,0.020912496030407752,0.3590934592005216,0.030109305187314948,0.43216528560060885,0.054084392877953816,0.15661077792534328
0.26349053555520885,0.21833361626867814,0.19047251730662967,0.16369215093030712,0.3118004224968879,0.3323434443448,0.354787756655444,0.1522048458172429,0.3560014555722517,0.22021194514316486,0.3184132937786776,0.05704529167270982,0.620709420451163,0.23903081655511024,0.787343990633441,1.073974374530556,2.046894377755049,1.3474978113209766,2.341219968055422,1.3800751090608994,2.390845236109676,1.3178074193142577,2.2857377271329034,0.48378630163687547,0.6187658023415006,0.7260440405762992,1.0581279278044857,0.23913966435760461,1.4218443633666282,0.10019984538992882,1.6085928780117411,0.34106380852744145,1.156171614410536
0.33587462767101395,0.3172665448564665,0.30290138965801094,0.28684868539153935,0.33930285684958517,0.3360840898870827,0.32726751486312977,0.2452266799856882,0.35435103578390725,0.3357033382672404,0.36696417107269835,0.17524555085649512,0.41157491737572516,0.47790428560898485,1.0541196325712725,1.3274513669612014,1.950873343472666,1.8060021548221121,2.2156731051752545,1.9746853260173318,2.2371659951614626,1.8413284391158138,2.174476648426152,0.270712479061168,0.19109486266103307,0.22080038232119453,0.15661932403469211,0.09246926978925823,0.7443076318190603,0.22909555410735039,0.8273495013019831,0.07415910258763504,0.755694089450467
0.05821404490843654,0.04757188352080167,0.04825484362083508,0.051976758592297466,0.052698174138350005,0.05592549875202133,0.05557457754059661,0.06095157542178275,0.03373099386407096,0.047388440853170476,0.06956012716230521,0.10704142117567651,0.07488191085611051,0.28950316809720655,0.4776026765235252,0.7260132636390051,0.7247308295706888,0.6087211414439527,0.8751678046749762,0.5439431386256033,0.885103352656293,0.5674658045254451,0.7974368742880974,0.20804254349551982,0.15493279516902686,0.23823542295464437,0.5406952443700432,0.13867067429419222,0.45353654145325495,0.14194723666374637,0.538780224255299,0.040613568341620894,0.27920967265765073
0.05159963657312652,0.03818285186552784,0.034215920177443446,0.032692696948366386,0.05022828533399268,0.049871776414018236,0.044264829051701114,0.01638275039840312,0.025295893674606693,0.04702772390072897,0.04661591924654628,0.10499757940997798,0.13122262062977286,0.07879998096308317,0.22592370535660689,0.33894469668189325,0.6282648131359808,0.4709133413984425,0.7832295501885315,0.24570690661847353,0.8209392885922312,0.2895271220832362,0.7662499221608996,0.09200088318534037,0.11814907860535115,0.10614623009439715,0.13935265713144598,0.059357140999207435,0.14725472632154926,0.039782546332025444,0.1822612597710058,0.022835288543331927,0.10974422871712151
0.10609637306809551,0.1010961325230083,0.09840806264770986,0.09566623713048694,0.10683700195520512,0.11000598542172768,0.11001602155255671,0.10921815247614476,0.1202773012807039,0.10258573759639232,0.11483766010105334,0.10324230585016542,0.11797378119754341,0.5665979187988465,0.9186811021628146,2.32872041015729,2.2274775259202224,2.824234088822492,2.502111385144593,3.207485207195687,2.448012395603132,2.96562359299225,2.3313746606132195,0.040758114461352045,0.06637984475002903,0.07599635521681157,0.06857262186760488,0.0728463455731978,0.06255248197797851,0.06570726633815346,0.07053549988614617,0.017709425213060993,0.04441555662175054
0.10309919576046511,0.09564916288023516,0.10144416565362158,0.10702596708093343,0.08717263616099095,0.08694080261064625,0.09406725826908931,0.10355116521250872,0.0850736665691565,0.11182455991468966,0.08958859369651062,0.302217908391726,0.23823396861212046,0.5641379772816174,0.8698857450476307,0.8431265954728727,1.9417453260580666,0.9037506405966262,2.2689797222984307,0.9402865524487292,2.314931121225456,0.9499157951909775,2.186507484397747,0.1698742517359478,0.15065023628385643,0.11563849104351974,0.14881769903561734,0.019191647741265902,0.023242051887704545,0.018802144472490765,0.035770014554058115,0.026080655479739506,0.037784182006368815
0.25292824080628223,0.25413653968103705,0.24856325632196913,0.24819857612512686,0.2744561916106315,0.26256696488317505,0.25041450230331047,0.23107887861754975,0.26779411969259187,0.2516253267897664,0.25768674385499923,0.19430983913842734,0.22448279014297678,0.15799466858980124,1.3750526007847788,0.6328553476885814,2.5638390716921156,0.7555014755358868,2.7444220978242324,0.779397270670905,2.6350127981573412,0.7663782884258067,2.565670255447799,0.15609296482368742,0.21468322984416313,0.02261373868699714,0.18576947949453457,0.12414493430036433,0.02118943190272136,0.2764220108875093,0.04811235893213852,0.07353248008353441,0.034231277136028734
0.062277936620097986,0.06576154304203186,0.07045062676757034,0.0743527321002077,0.0664477999449388,0.07683453091897556,0.10934136454058381,0.09382977009258071,0.1215057903182516,0.0813416891610368,0.08201751714928789,0.1257629548898914,0.22933996621452543,0.1890963300482556,1.4200177351092809,0.8250785544558334,2.7559139849504333,1.2848714967771393,3.1087832476272355,1.43144612332794,3.226059610098929,1.3049886336008132,3.1298010963732144,0.12848287336746134,0.14396536910746685,0.29003265867402245,0.1232293485967198,0.609799416714348,0.24910132030009027,0.6197695318483268,0.3288346500787036,0.682796954149701,0.22122611868620867
0.1405826415673628,0.1390873232351839,0.14003438163741547,0.1357760246650728,0.14034681056465462,0.1551423338038088,0.16326042074164346,0.14510854503213272,0.12780988860403392,0.1497801533255522,0.16014039441824202,0.19733856025319707,0.1151535674252885,0.16101665875354648,0.6254031311553249,1.2766861128418758,1.147706640378727,1.4568566285075553,1.3324060733681355,1.4382943912727966,1.3828814338457125,1.3664431769417333,1.3237241295329367,0.12984522566963017,0.07655918611226252,0.5737373461575511,0.26451746008870436,0.821308162213835,0.0732609152104872,0.9317937670375903,0.12324020390842719,0.7412160157349765,0.16637501754460643
0.11550938506636144,0.1094308307628152,0.10867017838093551,0.11274455658944138,0.13342384903503168,0.1426673937172015,0.15220827626026115,0.13620944380711972,0.13804083524864866,0.12622167029169737,0.14252427743488955,0.12868669112119374,0.0873510296740839,0.1663758632910845,0.19717331210711744,0.3866808494760599,0.31852164382966935,0.34272717125125274,0.3051287899474961,0.3358550442662091,0.27352679742395214,0.34454354482323984,0.2743933321181061,0.23773725061058792,0.22366045265770296,0.26314864879803535,0.2216944054411101,0.12411005177475964,0.06876043585578798,0.16005524009355873,0.06938064579257887,0.14794711059858895,0.3666648018439174
0.1688113905922439,0.15181479404573975,0.1464306864928806,0.13443516422515117,0.17661905922246163,0.17568126653290445,0.16114432384354455,0.05716265414545517,0.09293583749713014,0.10750585402719907,0.16145545695740696,0.07982173205635266,0.026106517014959932,0.31527043532922744,0.6199443138696275,0.4314158249252426,1.2191758098975114,0.5236867151992429,1.410488878983633,0.5489608416922372,1.4388213746847482,0.5399927531667121,1.3870325589639432,0.04659058632770439,0.08164389706049252,0.15737610912178668,0.06310268588387558,0.023161003440175226,0.05255341366334118,0.03491874411852365,0.09280452375548703,0.07815722957602816,0.042269423254132854
0.3760246631413465,0.3466124450719163,0.31113635376093896,0.2858935207716803,0.3620200012963795,0.34177650852700275,0.3263914962948889,0.18866429603440069,0.1712889001648369,0.2784017160394947,0.29690205134520736,0.11343964167678554,0.34876178660787993,0.49258623384546874,1.2910342967137682,1.0734507693028201,2.3854486305663123,1.190166643926705,2.6763402680667854,1.1993895834542843,2.7008335569288993,1.1521788743858208,2.6204163102263864,0.06639646854030914,0.034981340540081035,0.08757292961094912,0.002805686929884442,0.16287466887179639,0.03547642148572951,0.26834229152625744,0.04968888675825257,0.13361430150501863,0.017833537727581814
0.29725179117036565,0.3157050272408118,0.32169136326532694,0.3199213649061997,0.29154859654487886,0.2862466777946853,0.2731824586900737,0.2485523567934773,0.21881901718977073,0.2807128137048769,0.23137092148106425,0.02579361592708402,0.2873807501944691,0.3333645731776747,0.9471392966288216,1.4543143710593247,1.730656996241226,1.7780279070994696,1.9301076950817215,1.8359275040997667,1.9268754132562018,1.7571972055018938,1.8710239304404466,0.3533102354523665,0.21622556826425368,1.0150338518132356,0.5023332810745084,0.7839899958946661,0.1432280871294562,0.9408682379537252,0.021637977565191067,0.7567803989050942,0.23729861523880452
0.24900419068738347,0.2695176543468817,0.2925733355445015,0.3246948312444706,0.23045965418230524,0.21553562683343605,0.19909456740183654,0.42680564846853286,0.1698649502218084,0.3053932127396479,0.22259330915429149,0.7212625611145694,0.05563365765077778,0.8623843374154351,0.5493277334488011,2.340931357351413,1.2774856886160795,2.6669231376517364,1.407662426396671,2.6001954347800176,1.424543234811149,2.448072839756064,1.4100276182057152,0.44494985145050675,0.3312354217639978,0.1598561708278944,0.3824378016533802,0.8831558670364885,0.0616028262312983,1.0402982955825342,0.1603692982244246,0.7198844935223537,0.03180596962844302
0.30003812929835755,0.29166023084231796,0.2865922739993416,0.2814526218845309,0.2673908769596082,0.25485682670071613,0.2484991754362634,0.29377732443051274,0.2205317112134067,0.261965620289591,0.29067542665450646,0.47050664273943854,0.19333394559138123,1.3470778211288983,0.31070420026297674,1.3520515188151492,1.530588451638249,1.480481182796509,1.9493853745644598,1.3563862904906323,2.0766281126912824,1.2458669956370179,2.0008997248504934,0.21133411607268343,0.2688655544291445,0.5014873376677742,0.3970179805041135,0.5532678783802035,0.14084060627481101,0.588063675105416,0.2527092532117937,0.5557511153566848,0.024966987788560303
0.04682381151178577,0.04103636183010175,0.04214258099070535,0.03992128921394853,0.031901501826991974,0.030436639759988483,0.031572857037400204,0.015438483601569911,0.03568845360745068,0.03955148468494351,0.0598362883487635,0.017792404134858327,0.22547084131616232,0.1882533632941933,0.15446627954132325,0.2687975046389902,1.146911684792384,0.3253624462927389,1.4036293808752947,0.37030365016533434,1.4098951262876,0.3138202529546476,1.3108857631704236,0.2159570389807606,0.21033553329239185,0.43391222556181785,0.14232101759483715,0.14665483498771337,0.0652415257448619,0.28687764609570987,0.09717225550590279,0.07371329992256158,0.05474954008302003
0.08331123581564552,0.08367895681457081,0.0835089257321046,0.07993575587093703,0.07967993795504734,0.08060079016518093,0.08066358479302173,0.08649305197672232,0.0788014463360001,0.0906221117560529,0.09074795365766355,0.04424561412177554,0.11564269257983259,0.364044762396897,0.4363606998781297,0.5622225962300941,0.23651747399935427,0.6821539819716778,0.3760186615094776,0.6329601704688703,0.6331325371612841,0.5826514779039323,0.6085275196587248,0.16820295427287107,0.1741458245559956,0.12509999881758627,0.15297344990763978,0.02604218502043396,0.06483675423972361,0.11600117159760895,0.05490016364280594,0.04412293542440484,0.010892264405770074
0.1275235169022961,0.12438523229526295,0.12310741021485698,0.1261415019871432,0.1382661583418834,0.13967186303887225,0.13571620343534696,0.10665271588320643,0.09381127984503157,0.10615623003958699,0.09864428199074324,0.2672609803376722,0.110826958801743,0.8309947926139973,0.6763400372637148,2.0486602379044574,2.4673858493718397,2.557896067320571,3.2769873780702765,2.4052191406678043,3.0702710813006737,2.2172919235284896,2.870680616239101,0.1725251022338753,0.13150568415115835,0.18059398416717715,0.06984852472939201,0.062050485637203126,0.029109445997646866,0.004733973537249198,0.031533721117033224,0.03912832987261418,0.0073348554431221045
0.3271505162410021,0.28841923897131333,0.28979506631174107,0.26073387431707973,0.2737073552874323,0.2631236913382767,0.25320267063466545,0.21348647551601102,0.2259820693263775,0.30203324421504363,0.3384503414612987,0.1994117046856392,0.3783679987071107,1.1104807799738843,0.4905260042565337,1.995328058385212,1.0568987605390583,2.2255861670665107,1.0117050687592173,2.2514442154160554,1.0542056343644755,2.1227138371037766,1.0634944264864628,0.2678732542841582,0.22166756290911893,0.17420693188998856,0.01930201860203683,0.02385827242288321,0.2684617680625716,0.032826538604023535,0.3559388508698088,0.09183862199546555,0.15949023859220107
0.0570326513524541,0.06795205503978896,0.06483648236404721,0.06652704602045331,0.09028393786395922,0.09040900455573782,0.08592057927268007,0.11801781831992122,0.11932301085650707,0.10794197295027566,0.11569160165791266,0.134221528059097,0.10507346528469977,1.2251738630487943,0.5013898375873787,2.317796354065599,1.2199924872698866,2.4542277823671284,1.381826872838059,2.0719897065403208,1.3922506955817993,2.141508809721721,1.3326613582963198,0.13883246561393472,0.12263985931409435,0.23654111883824064,0.2509611989383717,0.09933352196613005,0.5731849852627741,0.12892019973440905,0.6069241795178576,0.05403700045580179,0.7076011469026272
0.0636413514288898,0.07080121308053092,0.08861863525630272,0.09937529631723015,0.054654797142380696,0.053504867804277365,0.05090608263054686,0.10766796245779811,0.0570149724223008,0.08769720556185487,0.0560507142621453,0.014149709917397422,0.04409891369278782,0.9461334199082087,0.7073995331558829,2.45126110446447,1.689752741680331,3.1748261284432164,1.9504366531035924,3.876407422370488,1.9254452257564973,3.4811196943442293,1.8073157147624903,0.13650957672580585,0.1713459904415697,0.22099544953599382,0.5563595238618372,0.07190583812530052,0.7049927888044485,0.0862020097337187,0.8398530044814685,0.20799042912434051,0.5745356122764663
0.30041519185426513,0.2861258416916917,0.29366355329708094,0.30149944645505483,0.26421409771075394,0.2642256364374861,0.26317519715611887,0.2973927337598216,0.24955126072905742,0.3073902723208356,0.2769898654087675,0.19997927790424447,0.18595223892595475,0.1954215259977477,0.19277009001977474,0.6544406372450361,0.6759837454958871,0.7917545953198,0.8211727124051438,0.8767886722707906,0.8866010130291926,0.8162524998340802,0.8593041896853172,0.30140518115783194,0.3577705229645623,0.512232909338192,0.6345493066769597,0.07369044916015262,0.5804179973079848,0.06328205634999524,0.525835733870823,0.16127879946274432,0.48732665455658164
0.13223744073231256,0.13872464859523218,0.14419807681352212,0.1526451918854763,0.12665929559689526,0.12026048744340241,0.11804592325149865,0.09531852604831133,0.0800254304648354,0.13632235269310794,0.09920388745358988,0.09767781362537731,0.05469077931979767,0.16374515808295642,0.12151248610097631,0.5424942313274399,0.46109768831675396,0.7949722680814393,0.5766500136761055,0.8967315613964221,0.5916142688600539,0.8260515728737181,0.5485224404521967,0.032105695382816005,0.03335443081930144,0.09389479503366695,0.049298528421494216,0.006091472977711803,0.04580617502050547,0.08855554340842421,0.04938511745551682,0.06686550892351695,0.11951786442084433
0.21438149711926202,0.23261111297912282,0.23170799583419838,0.2228741716774757,0.19849695885762142,0.19124386953854694,0.18642670649994936,0.16138695275994844,0.12544213520023756,0.19583414504784952,0.1505634813878508,0.09422275889675158,0.07053654525579482,0.3081652380030237,0.5580550907741998,1.8152828148021103,1.7123401202410444,2.258326639486014,2.0119007609217605,2.3900854648608885,2.0649135423512317,2.235252596936016,1.967314298874658,0.04396590751078114,0.026738176809977195,0.07156437030263692,0.08817147957422115,0.04806076322427979,0.13862184927901583,0.020672765794445724,0.12344773158859573,0.051581558675204545,0.08141483850091752
0.37688815207974935,0.37634571551902385,0.3646653636956779,0.3521782161385304,0.37335509287973534,0.3592820220315539,0.3413642802285556,0.26473216695363216,0.22677741328808096,0.29531790579068506,0.3149091618565034,0.4279556610428686,0.11236177780969964,1.7782495474841635,1.0517436831772335,2.359077138774021,2.1633773185751357,2.4634201102859206,2.2412442143546016,2.3246595141093813,2.2434253240736357,2.2986299056992747,2.1955656697865913,0.1374283871383855,0.15652615563310507,0.08565441676082224,0.03610065539103855,0.07498895759937099,0.021342071186158332,0.07891316795819645,0.023731257458675176,0.07638219788269138,0.06308273977465692
0.2760863538243164,0.2641356369001975,0.2511163559132857,0.23503473714030879,0.27890403131250285,0.28547551217921013,0.28507361989638647,0.167926378514525,0.24753400012289098,0.19957629649571262,0.22607900197116781,0.126929019007481,0.03813637394952458,0.5875189324832193,0.6064972980640816,1.4768126351175632,1.820290112850349,2.1442661782371824,2.1652904068816716,2.1684246022376152,2.2379549129412695,2.0523647112478502,2.146040875173293,0.14330985349434466,0.06304638384499628,0.28193945582000907,0.21937589610824568,0.009821355953290327,0.22579786270472918,0.12051291175102617,0.16885146020213315,0.029984511176948503,0.2045723649358481
0.4929405885043003,0.41241552559291794,0.3657083967196036,0.3323772438790372,0.5503315868452526,0.5717213035410222,0.5961631298753551,0.2745373651707408,0.57653830160747,0.4396792068415791,0.5703638647225704,0.030606162370149532,0.831072791584149,0.3649146898140352,1.1907520577293316,0.08608025620996694,2.692951292341268,0.6303257706803472,3.051207878878614,0.6491154637406215,3.0530912926902554,0.36943062893820405,2.904676674241859,0.5929099757259528,0.7031577583197433,0.630087901919548,0.9959204161337815,0.08944874678999087,1.3799341809922192,0.05375779711541544,1.574727661043591,0.14051408967442505,1.194882904221338
0.3574296752672079,0.34419693390089046,0.3392312608085396,0.33475783819852095,0.3699032128554481,0.3797004774992192,0.3891664067601073,0.31779739933461637,0.3688299943562714,0.3327946305656178,0.37680490058828564,0.5934411747715646,0.5165564456456697,1.6547702354436307,1.325819615412851,2.67654829383611,1.7347336530981599,3.77557228103549,1.8416003376566892,3.6975419777871434,1.7808594034497542,3.232098186495199,1.7155586435651233,0.3195105613628678,0.2900967844158528,0.3465691591936986,0.404073906090252,0.06663758418195866,0.8399495982835946,0.03951468700247925,0.9203421306227868,0.020023902932518472,1.0346603129505265
0.06010158873057826,0.06260853448624312,0.06712603421581524,0.06967738759846406,0.04989818091481236,0.04678945110915925,0.04563690027959635,0.07676321964087708,0.0788362169321623,0.0741377478118801,0.08018612886665982,0.22610237018619947,0.03201408408193134,0.24150073887256213,0.23553078296879382,0.2178900836781699,0.4160244809547332,0.10578032918141615,0.47223193629739113,0.13741727421934663,0.4853425442129687,0.11655968122122654,0.48171195996473276,0.2327250298229136,0.2573802028331572,0.11682363597400322,0.39505877008450435,0.04669607724913611,0.3683236016935018,0.05111797097315474,0.4411342923580021,0.02132967832695202,0.12269796255937725
0.0896941437299362,0.08203433020505373,0.07663389962311346,0.07174796455604016,0.09623887753765627,0.0970484395969491,0.09974973955401169,0.048253533412772984,0.06470114518381875,0.07097455554704542,0.07971512138692462,0.07520589869544132,0.1574978641591456,0.21225167262962163,0.6253690744169693,0.6274993288443974,1.2371851420048154,0.8937278604946766,1.4612010957050785,0.8939942353539242,1.4851961365549327,0.7678766856190874,1.4105590274888384,0.18655119447072174,0.2671335886109679,0.1428912544358872,0.25726110810112174,0.04085102384602711,0.06815007416065637,0.048037840124428736,0.07720770858276205,0.012548851186740819,0.06701725373418285
0.05048261708875043,0.04441972466635921,0.02076870127272403,0.024709283866396564,0.0907231648271064,0.09540773372234918,0.09622051521695679,0.08047141497776297,0.14842936800547485,0.08266604509871851,0.09933251416103578,0.16946323074449537,0.31610028107900073,1.429380432483045,1.4192843608792634,2.9614977854224214,3.0221433134048232,3.4112315060230656,3.3836990523253125,3.3354970913727526,3.2639694253566196,3.147631639683667,3.08250763188934,0.16536229480230874,0.2193136693396514,0.12446710163305381,0.1468391431787754,0.029579320483916153,0.06527259006342077,0.018499162281948613,0.0892314473936372,0.018127012273127865,0.015248131676939034
0.4234150653195444,0.3965404720329247,0.4166919795786918,0.40778138875717274,0.3737815361022232,0.3837396550624896,0.397188701676768,0.3728419098535397,0.3558367401924832,0.46791444520079656,0.46101945016330287,0.6609130428072065,0.3806544873066965,0.7067207189870437,0.9626549393610309,1.0689012482959004,2.315442998174345,1.1804303287330289,2.6897513652152347,1.3360701392073342,2.8595629218618415,1.3327309482208298,2.775542776938165,0.3322373443289468,0.2584533882946562,0.21584366151096618,0.2725574996535697,0.2778875117163591,0.01333130090612326,0.39401574370899634,0.022871510106178484,0.20171443808529593,0.0512464314394484
0.09608472460204864,0.10414081865423762,0.106751020960291,0.11233937925111387,0.0882774884810766,0.08949776619304681,0.09676067418549619,0.11391970372644535,0.10555948334033663,0.0863132479257561,0.07478022268018358,0.1459954458715143,0.10072001037946778,0.5306522772435595,1.5700500791054344,1.4795978922694801,2.8856059104144753,1.831138691120472,3.2083522524696932,1.8770338040396297,3.178135253884839,1.7664388465046446,3.061313530473577,0.11522392821146007,0.07787601045117588,0.34211065626716364,0.18613660755168282,0.7431737254296088,0.23709929325405069,0.7017272352006859,0.2728244737584427,0.9140786132594896,0.10741302550504209
0.046058658187908295,0.04469449049077548,0.04882611138814254,0.05483234701471152,0.03890804195500598,0.032598169793019535,0.03619895247625829,0.05240949427133893,0.05516365952796078,0.046378923576077306,0.04272244530072213,0.10200702394683651,0.3911834341728883,0.6908621791824235,1.487989851803529,1.8738946776841086,2.7470395089482813,2.2384278353822755,3.1106256646317343,2.299461952799537,3.214834421486522,2.1743157256846475,3.1255254254161158,0.15151103577002598,0.09379838524241325,0.5121996128860492,0.18506801385095703,1.070351947282183,0.028468826667762362,1.2753511825612132,0.09599871981105157,0.9309816046174868,0.25925153327904515
0.18873660902015496,0.220612505169213,0.2322732824216011,0.24010832179208005,0.19553612699572606,0.19639405407883204,0.20072230200506425,0.29555228601760314,0.2020326481002818,0.2395109845899538,0.2050215516129381,0.33572126297851934,0.06028734886706403,0.3710416089083553,0.2642562583297533,0.9082808437959601,0.8173996694355105,1.0073633345590174,0.9572600235345616,1.0258659104701158,0.9901626638866031,1.0012474279707595,0.9579168610049683,0.38672410235399735,0.3807574092427172,0.4163151808618576,0.4211202954341238,0.45717096424704,0.05524396195468899,0.4369898343921292,0.08227456772132716,0.49135872650211526,0.08614457084244986
0.04058786046196447,0.036090253625192026,0.03663787662994355,0.03874618066212353,0.034171729014534344,0.03080935761401202,0.027979301602610775,0.027224799444835548,0.03354229176569485,0.03953745740198684,0.02885428441599107,0.06338711040659768,0.08664572271414549,0.1578019296422075,0.42253799657368957,0.5818004381289965,0.9882580396171105,0.7122210055142973,1.217735255807568,0.7435189742242856,1.251002579599877,0.6925463267969205,1.1878529126427837,0.12679785889723055,0.08466881710495429,0.30990081925544993,0.11553063032811253,0.0911489710135807,0.042213669658488,0.10788340845892302,0.03278567295524015,0.056620228085751706,0.20864427130217011
0.2554574914726021,0.2612128162356818,0.25225455574649247,0.2446146496458932,0.26067659235430635,0.25206440189735824,0.2370155881383288,0.19899755299164978,0.13570766370482443,0.20603280492614207,0.23805570406209878,0.14332034890474676,0.08456044144574727,0.7882931829872865,0.7199038852348816,1.7367832168533706,2.3754796387488,2.05530195307334,2.6727685803241106,2.1079042938239785,2.7791328777390483,2.0332310825699507,2.707005031049203,0.06307098995878109,0.03834448737929028,0.15914698379593537,0.07376723895989061,0.07919507708919249,0.11950982720953579,0.08294520407231824,0.14127331111685126,0.23145144221940775,0.06225823672522055
0.35718508074754834,0.36742431876363624,0.36575090164714114,0.3584737243147774,0.3541259000043992,0.33990877326481145,0.3283406708439734,0.2837580828758785,0.24653354600426666,0.2930419075095715,0.2770984153054074,0.06192134998071819,0.6086522969287756,0.6322394417682359,1.8777748894259991,1.925350822321036,2.8696951195809186,2.2074420802717407,3.1136388493376237,2.332289718370719,3.0536989182865235,2.251182238622465,2.9717179755365613,0.13863370806364414,0.13864646405221284,0.3210217664153289,0.14112404621763938,0.2755695541573297,0.0506539413732589,0.3585934432434632,0.1185021414996387,0.17946268004049534,0.05975714764895502
0.26236279823025604,0.2772464060298131,0.28214969728348105,0.2890634050263366,0.2658273461453715,0.25702614667761414,0.24823109687801967,0.29623589789791854,0.17426465685669063,0.24270849453462767,0.1870288661034738,0.33719786989797934,0.1213259836616341,0.64596121402104,0.6767436158240858,2.1662782980030784,1.032864121847286,2.4863972225779127,1.2332678088598186,2.4940284800992742,1.3177073957369956,2.4041750888436644,1.2776748258265762,0.4511727758667371,0.3652018187388705,1.1280925295076283,0.734514108943087,1.3971155292103736,0.2730246292649351,1.7036984178875239,0.21465216797596998,0.9798954219038634,0.2559407873063903
0.28777145848113084,0.32419956459758625,0.35645049698900144,0.38891529727968965,0.22396020369153785,0.19887731734840058,0.17071525293078818,0.47025173286672517,0.18561420337600226,0.37308100188380755,0.29939222180484637,0.7914469169787293,0.27176071856444095,1.1677790715983525,0.7756230232866244,2.798891132946697,0.6941192478905134,3.2938930862937523,0.5582139046738758,3.309157662603952,1.435183478924697,3.107767681528665,1.442091663411698,0.2801384688789823,0.3695807721395081,0.33160033638528646,0.451871125141093,0.8928941783665898,0.23099996060692052,0.9403277027874895,0.36805000609734045,1.334700991099542,0.06487956152255984
0.10956133971185537,0.1356312578309858,0.1317154052183321,0.12008091503439931,0.11435321715899974,0.10151575195526366,0.09324925059778505,0.0741235347257788,0.08409617077174719,0.12190543151802559,0.10451366959971672,0.1806397470842325,0.14832034021198476,0.9982013476707746,0.4453557893414206,0.9082615248019752,3.2323069673961755,0.995787358325839,4.12255777488544,0.9487985505012431,3.235671015411427,0.9319446927824122,2.9654496471429233,0.22195712506690962,0.21339087046023053,0.9568075344681353,0.1678169578170736,0.5642341254001699,0.13932718374295233,0.6398696272809135,0.16693085208905106,0.5042000482387682,0.02441453095803513
0.04593250272801928,0.056567588932869436,0.06732691550719944,0.0734974034035539,0.038270458796147565,0.04465442295591895,0.05375553690815463,0.04935215389029903,0.10344263984581495,0.07009811015179242,0.07013400187022284,0.05674810907474426,0.23478546146112933,0.36796778517377055,0.037471384246637894,0.6645365439275219,0.10075071288892806,0.8137695995276213,0.16583391274151854,0.853078234135068,0.18726128894432853,0.7955679204800423,0.15171857103152567,0.25979847830344605,0.24148708695748863,0.3312109787389127,0.1508676876041853,0.14530055426795985,0.03134686945116502,0.22156196748675117,0.03271827743785471,0.12454999280604932,0.02859201736375206
0.0996793886736025,0.10234658507543268,0.10208996800560753,0.10720246490477015,0.1186939525734043,0.11649186776899875,0.10932655040213285,0.11917134657344436,0.08321165301812512,0.10467012543361336,0.10595056085396883,0.19202945790101128,0.16900441817441403,0.7234801103602142,0.7478273121119723,0.9338031399641906,1.921115336886661,1.353853105819364,2.5156476197129507,1.174082567424897,2.4615854054709394,1.0196759960307553,2.199179653353022,0.25451816403138977,0.20485840776827793,0.16508916900955795,0.11919749420528766,0.09389353642650886,0.09847845238117693,0.24143899499704044,0.07156773256611253,0.06190695455387883,0.010701637997930714
0.5283700141302929,0.49388687477849014,0.49194866987894775,0.44358006670005884,0.4791592307518671,0.4723641808479725,0.46796073871127447,0.3316346886732594,0.4422845696356914,0.5011268707839953,0.4931841608396287,0.4355462726388105,0.5690085156874162,1.3669817054823596,0.9986113680608706,2.789324757440155,2.5343076602672823,2.9940215754293322,2.7067669074865455,3.008510038793939,2.9127987347357167,2.9369127606967833,2.9324668655129393,0.35131260403155085,0.3486769847573833,0.3169939546348016,0.07660209249778491,0.07290126683890968,0.08439721461016836,0.1060702102385367,0.0415999067968267,0.030711095457398127,0.027810735467438886
0.3218461949549037,0.2912761969223429,0.3009815817809807,0.30751307539243666,0.28650292246854986,0.2915665530084094,0.3050773011393154,0.324180352158794,0.2849434228248198,0.3578065970222708,0.33951970254975966,0.24674577435049155,0.2083099821916458,0.8643007781642341,0.14046718144893192,2.0270854337364885,0.5738556529113834,2.288512044849185,0.5086220673858071,2.401073281107318,0.5268356258611386,2.3798197633127045,0.5110988757028357,0.25634877334820577,0.19611449864696584,0.19012781375929189,0.21056058486661933,0.16161221564531283,0.5361760334085998,0.06337364464744419,0.5938115572507674,0.11450425293474122,0.603982664078216
0.20982324091406584,0.20555065473147088,0.2092471910732774,0.21744972727953119,0.19581179100604015,0.19488926134037207,0.19647323324099852,0.1652877313915316,0.12273175848039675,0.20999457955106376,0.17938797935371725,0.14121164885166676,0.06703561009565771,1.447897821200043,0.5090345891553505,2.833526277060606,1.132350123255987,3.209418618302696,0.7807489984597066,3.1233243291049617,0.5627906782610812,3.031112458493124,0.48865698630103543,0.15540567233103378,0.13174413258455572,0.13475378371336966,0.41508422715232646,0.22968367980988408,0.6830591019705435,0.13419380518227791,0.725474942577891,0.18625430360269837,0.7750307724864844
0.15727963162201813,0.17753672794717273,0.18658409696060912,0.17991301438124235,0.15374320683002107,0.16040580699800008,0.15944555908563945,0.1302943238867488,0.1013688272181605,0.1497144488227897,0.1250362932420102,0.12331017796076468,0.0794853651570282,1.0915715491503228,1.0069668165169687,2.1373830203328317,2.130989607836151,2.656143772739449,3.0731654852628307,2.841790691698798,3.439243316220312,2.690508589501209,3.4034395737805663,0.13588139040469482,0.16706615193247487,0.36903203439248333,0.7289835627070456,0.06165266633114398,0.957593527286395,0.21558304588808025,0.9704080105777428,0.10889786465693604,0.9194787881091394
0.12143902361275644,0.12895180091564,0.1232206732177399,0.12452993429577969,0.12392034832026777,0.12185968593105442,0.12271500128081234,0.13111256411767394,0.11069347627606813,0.12446719576093042,0.11951929591995682,0.10790761893038625,0.14314420617307377,0.14125801721094147,0.06403505063150865,0.450329478817119,0.37146657689765367,0.4300035807846223,0.4563587086720056,0.4159473817922278,0.5246690257881574,0.436441232013966,0.532761338419746,0.1794068190562987,0.2278148574729041,0.2873694144219023,0.3643068150601107,0.009847981287677814,0.23069439992256563,0.06449124508526985,0.2152963945157949,0.042036058736927055,0.11674374527712371
0.08716168519711791,0.0828906523460581,0.0805046966761584,0.0778229108344675,0.08833602634554115,0.08206590181977784,0.08044812685839148,0.07065004635018815,0.07333646551895891,0.06575387584218523,0.0668768452277114,0.06976279158215631,0.10133579114745915,0.48874115334382473,0.10507946579907144,1.448248093768554,0.8995999724307363,1.7988470648748913,1.1597823409033587,1.7828766422905657,1.2427187441251135,1.720783973971114,1.1969500894909124,0.042675504335285525,0.05104838263738417,0.1748892408705691,0.12845439858074337,0.048917596216236287,0.03879910371510232,0.05254914138646488,0.10666459647888996,0.05489813961307335,0.10379261613783303
0.2075303786916987,0.21788893420908118,0.21223193759831782,0.20368063997546726,0.20493532004958795,0.18946372307799633,0.17572611634320867,0.160214896545502,0.0841292956262983,0.1596549736119609,0.1451054401589748,0.2169021395202416,0.12857337098288943,1.3698168347602686,1.4035797644525108,3.028491415000496,2.7906815918949297,3.5526781159938596,2.9732363979212235,3.6506998445084053,2.966216388981539,3.440357373704924,2.874840167886752,0.07003161745500425,0.17842794705550263,0.08302653507402351,0.13637800230134778,0.07881867500283626,0.10249468681076421,0.08484955242147407,0.08100665586942217,0.19673815915192805,0.0772954051661968
0.2655516032851586,0.25262213425108504,0.2461303461960319,0.23448177045285526,0.27335991211319305,0.27361934079410066,0.26475148610248467,0.1608782362337066,0.1808233239069482,0.1990401420729507,0.24181380348519962,0.26726774616875904,0.011372834054305494,1.2937545107161852,0.8311745915231864,1.498605298832448,1.6136404814185985,1.5253671601740577,1.7475072396722622,1.3698599867255319,1.76802976722848,1.3473859804802641,1.7100093107558774,0.14526633743980394,0.10427969667173596,0.14502713042879628,0.16357671485138117,0.14988889427801563,0.3212594562264233,0.16865065758492462,0.4280939246670351,0.27325912238320327,0.17077103448153108
0.41551906673124106,0.35621586476945666,0.3022602197857645,0.26018421498983046,0.4178630020215267,0.43490067436584273,0.4474524401297455,0.16541275813327905,0.46678855334725367,0.30025711178459874,0.4168245684620061,0.08762022029946392,0.4986433492099183,0.5068750440282545,0.6634178611541092,1.1518717024809904,1.9439965335336917,2.0042277455309514,2.5311109885252185,2.028086813350713,2.809957322712325,1.8613143690883935,2.6757645572991926,0.4951469400046489,0.646933253876195,0.6987521144193775,1.021652589117187,0.031753990973434794,1.0261844455821452,0.017184391226098186,1.1159573508367293,0.11398887203926925,0.9604340806648366
0.46694731560411046,0.4335193688748344,0.40950389285317745,0.39349711786029073,0.4833778606712847,0.5053440894135076,0.5274830164464508,0.423529734315962,0.6114402223262743,0.4496073438414551,0.5466661355803916,0.47150734903597186,0.8095679237006415,1.4287031440369675,1.7715292374646754,2.14819370394429,3.2187076179202605,1.8483450779298054,3.1564448003194445,1.6532126098812612,2.94322404989941,1.6162165293090986,2.8303674137398196,0.3578246367397004,0.3341656848325388,0.36044004140276115,0.3695318650824322,0.10496778707452849,1.2915444226398183,0.06713638972549288,1.5048892340515636,0.04607312628207341,1.2392848837962893
0.06396035722944383,0.07026773485187152,0.07116016867060618,0.07291278930576539,0.05401408398348554,0.056327944156496716,0.05992898944565623,0.07368416704020206,0.08496279879576962,0.05781102654785321,0.06348964077862503,0.22333020177949456,0.12905980597710026,0.4337987048307044,0.8863879989729001,0.7966788856092966,1.1253302945495314,0.9411455125117142,1.1294799933776811,0.8187617676451294,1.0880501069051405,0.7175061571426647,1.076825953246585,0.22730248900070082,0.25326442055147835,0.19812145805797468,0.6096859066240666,0.045126873980212374,0.6827465512205242,0.024260354953690246,0.7388462795816922,0.044176976779582884,0.4938933619807524
0.06333920843165097,0.048674190913609125,0.051045179677096146,0.05256376620806347,0.04713703496758561,0.0512989473217052,0.055201321828209596,0.07052548572365637,0.08841521823457488,0.10553306070002345,0.09780998315687948,0.13657180788994389,0.15093321009001281,0.1458900531535984,0.4622010327800922,0.39483424144326446,0.7658485930863962,0.43106457894596545,0.7521917952226586,0.4800460380015765,0.7287054193929403,0.4318581627865027,0.7555195890395298,0.2749876091549045,0.35196430662820155,0.20722885706741462,0.32166774208640425,0.07526090626230919,0.19260333781325378,0.04170252546195507,0.2449754957465263,0.011635830918437316,0.09670014554590109
0.0805682701898729,0.07766819163289915,0.07290700781352877,0.06546727231152201,0.0776731039081391,0.07584975036410582,0.06742860116808777,0.10002328771432749,0.15350625223907507,0.14374203694529358,0.15333921251052768,0.09389694298194258,0.31291143300295604,1.0130224524333031,0.9842971316283071,1.9245821973352628,1.8355002248488055,2.3176809248958565,2.32684176399164,2.2253260687360434,2.2474876948164755,2.0530132249882693,1.9865409201493143,0.25451093686181053,0.2873427398506492,0.14753180556684758,0.23114264135805168,0.05124369631782279,0.06997728078760738,0.009603813255903754,0.06996385593450125,0.030145907295539336,0.04578478352969047
0.3272424216643172,0.2954774836195246,0.30780253707828203,0.31606396682819926,0.2988901405972317,0.31250475568503483,0.3318343985480092,0.2811480654971587,0.26716218002782577,0.3004278621459393,0.29206323790632677,0.5934374608548607,0.4303132942035542,1.0353570931603198,1.2746605648091407,2.326732117289116,2.917329609292108,2.5782088721391463,3.2387296289865324,2.783405040972578,3.3098627887800522,2.723135754771375,3.2251700981923066,0.44084614336905364,0.35008642129467665,0.10456603162707884,0.31322528423167273,0.1902755407635542,0.033863413518674064,0.23830182251486792,0.011831862390099075,0.02209773810171309,0.0029047221502322036
0.32722567441362366,0.30778696050556176,0.3024414421894268,0.29845449041105687,0.3366262027518105,0.3402943180382335,0.3420588734203696,0.27271209737749863,0.3180073810756372,0.2944827631471168,0.30678017355974974,0.2959877351700239,0.15901545942697132,0.1551160162665508,1.1442855209179745,0.7205690447634996,1.9715495758843051,0.9336617504404345,2.3994920014634338,0.9688152393702583,2.633519851754443,0.9082206908548044,2.544551033405625,0.2209715586629279,0.19267136661568232,0.31784403572802816,0.15501139608746883,0.6526997855346454,0.01806633645809317,0.6879680249308712,0.0248697111601545,0.8754537847500341,0.06758870241781535
0.030440112226841162,0.03888480863437333,0.03141941324280485,0.035290534335401455,0.03386002804692238,0.03703678020451199,0.04766825628479119,0.04700193329585437,0.08720198938163377,0.03337752351793619,0.047009703853462696,0.11494273447008349,0.25815515028074254,0.20215832374119813,1.9171545963449472,1.6594756776356479,4.4403613074105515,2.1229334288746973,4.4653695361673025,2.2292149256060525,4.236170022247202,2.0727083610722596,4.087929561432644,0.10262518813196639,0.08136617995227088,0.4490073447705554,0.15918074369365284,0.9193225280923765,0.015098498122678258,1.0822530799354428,0.07630823197247126,0.8806116158721506,0.15660181661904338
0.1445991620296197,0.1501011655336023,0.15203375596113747,0.1561684432726269,0.16675943490980738,0.17961689504146489,0.19247697311528475,0.1906254600314967,0.19400185605824333,0.153426385873267,0.1655961876494692,0.20624141174624622,0.04465083161241336,0.8160244346595116,0.8097942704942842,1.5260880282109577,1.6143861963318662,1.7133204469105214,1.844526151633199,1.758658076731777,1.8694288037696112,1.704196958932318,1.7906101604081643,0.21727077771190767,0.1342793359866712,0.7828143645535883,0.37992879744589475,0.7174529333920344,0.04311487101507183,0.7162536708695713,0.09875214622083833,0.667028977192592,0.06822845604367148
0.08057671569343479,0.08495529560331781,0.08520756795434042,0.08614820260632301,0.087632373264864,0.08899788032148921,0.08907053470160302,0.07977638996774955,0.07443494946752695,0.08628809923791003,0.08863555122971926,0.0751851522947784,0.04567604960538421,0.0841671331718347,0.2162447915827688,0.29319149570823305,0.573058159558281,0.3956296728369776,0.6949396768824561,0.4263106339776341,0.7055669172166513,0.38796576651431625,0.6762183180829141,0.10446222782030848,0.10548343594499222,0.05007151690696592,0.06626731344311597,0.03977563735186519,0.07481222041350344,0.050221990949769556,0.13693612479885367,0.07938398630961954,0.10543985405125149
0.2628003463417113,0.2620388950515652,0.2574683026699341,0.25684892033987344,0.2627434730652098,0.24963692005091315,0.23481202101065896,0.18436831972136564,0.1296834000064504,0.2002807515414739,0.24631525368238325,0.14321490976466797,0.06895079687840869,0.5136110068903715,0.680594164573876,1.6717006582403422,1.2862010616686441,2.074512219582574,1.809454025450425,2.174723590397157,2.017387073898108,2.068847906909115,1.9716291845262128,0.03441190523467708,0.019382559898180784,0.20802348411704993,0.09696450563311637,0.0773103942848223,0.10171345171842823,0.1136807376350431,0.1279466914979851,0.1821619030550196,0.11164986555414413
0.3399561947358807,0.33884163415627394,0.32491697907272227,0.3021870279944786,0.3344611118662549,0.3269999224999405,0.3140748822859677,0.2172392743396765,0.19796039752298722,0.26111732364087525,0.2672143866402733,0.06489869284740007,0.39407384568820775,0.664496687683968,1.876833494323377,1.9680966755784515,3.898048256504914,2.3235305945798124,4.063443507986353,2.40624109577757,3.9328875875796236,2.3242129414221337,3.8065404860528114,0.06808163759718999,0.07621138608278998,0.06183865665656242,0.06178615950284806,0.1524374057678997,0.03547749139818109,0.25052193579962084,0.0436384977067769,0.2728171998104552,0.02409892216782571
0.2234303412553475,0.23504809414248662,0.2367275913079975,0.24672789218285876,0.24239454592336504,0.24094360998516287,0.23051828920175954,0.2225304326248619,0.19253469243171412,0.21197921363218408,0.17124071812898983,0.16237578814961096,0.19807746930181952,0.6785054506684199,0.811150013578338,1.8677094344363407,1.223884260721912,2.105576663322352,1.3412976710755995,2.280938009218126,1.3514920566102695,2.2359745501486956,1.305831907525054,0.4511476078618833,0.3796699263525122,1.114589403430332,0.6940227530511025,1.0316457440396283,0.06938820577166085,1.204498572797679,0.03287277557467725,0.9566656477775335,0.1293571424382311
0.3748406348217426,0.4109042833619346,0.4586954280657684,0.5213499979574266,0.3324540563815841,0.3031731120518112,0.27425666658279324,0.593111867545317,0.23861935682960878,0.44338620158327774,0.3659556557805182,0.830919274142414,0.0624945118949862,1.00788422850275,0.4966292909579079,2.5511281213765837,1.403396969673881,3.142633677059406,1.7013599885228157,3.0262335439620935,1.799544273365445,2.8192585874620053,1.726363311842819,0.4364868874617316,0.3621153045845556,0.17557137850281343,0.2732806474391737,1.3274300282641789,0.07774855633735064,1.5457038025281975,0.2043217417056972,0.8878478878514466,0.06514355458862375
0.18800796882549828,0.17610053458556577,0.18319334618403246,0.19275142495728065,0.18832413686088362,0.18977332216079554,0.1836156373917082,0.19312550379145121,0.19316646691243722,0.20876851798531115,0.20711323763366601,0.42429498742816746,0.27495241430322787,1.2217344023588923,0.3351358159868573,1.556774999848077,2.3169392337258556,1.603213888226316,2.7878776401644707,1.5109619566018315,2.885817932195419,1.4783139917251542,2.677873850101394,0.1922720895296812,0.285362646873948,0.6269987643817979,0.42877468873155145,0.9686597846210326,0.2621554828501038,0.9831292790536991,0.34054583141386835,0.8785072768561705,0.07394081275784276
0.09322638665286967,0.09196701313388528,0.09447733618961421,0.09444469631952758,0.07838860829036434,0.06906052442681467,0.062262198084857744,0.07823288592437272,0.062138606172261385,0.09304084927125535,0.09177580344614045,0.11225208501820422,0.22281037788956704,0.1178252844081853,0.2812933379434529,0.287250183263235,0.8401984516190397,0.4017198486629447,1.0228347772764594,0.5408279855382314,0.8601728136903742,0.45376689046858093,0.8200225279219782,0.3297509478857076,0.30346168478123936,0.7957198075459297,0.08103224116634007,0.39152870433820275,0.09224478714380223,0.5455823471958658,0.08440258673629988,0.19087752694321974,0.012933833036753571
0.1010655715365383,0.09974994468348276,0.10101424208528555,0.10473130158577305,0.0865417627900678,0.08807580792933634,0.08934345693303576,0.11493196478177269,0.08587276204721307,0.10494515014024323,0.11394767841616417,0.12270005489770702,0.14464219785147925,0.4193638745236151,0.38189585224679595,0.76628716098784,0.7032627833062401,1.0319728768324854,1.0579756624859007,0.9061663957122856,1.099584218640617,0.8017722779719231,1.0010917410752251,0.30672988646447114,0.2609628852057268,0.17222735785349344,0.27056760254688095,0.05495016296343734,0.04914261614729239,0.1399424545404585,0.06271573957554637,0.12317416004571836,0.019071078849358856
0.08498245655482524,0.04907325418995512,0.015469227796127201,0.04977117000066824,0.09245812502946985,0.11518017935208688,0.1364176534443935,0.13044120872867826,0.1979137325884244,0.16909227858385706,0.18710166395809288,0.32000151185736325,0.24767142778636148,1.108555438060351,0.8405572210720295,2.1113888293719647,2.7847333423117324,2.5232171101414043,3.368708648353314,2.371730610518104,3.1478853288597306,2.1930216739374315,2.8579298218182974,0.23347785424747294,0.17768493901825302,0.11895503172241145,0.07259690287726137,0.11539718060014251,0.07648764475265468,0.06489805653921465,0.08211216955119928,0.04320850085528083,0.03409761245797824
0.5415741424790633,0.4792067646736419,0.5041448983856057,0.4810696645439634,0.476045195379499,0.4741699141792702,0.46500971506057437,0.3828701942033244,0.4033496158086867,0.5286845982639273,0.5328086049717224,0.32491088725790696,0.45854578522884537,0.9198774802189212,0.6187126172573064,2.2584219019607716,1.2159796736518793,2.521465053075941,1.2453479648600725,2.5932493458013837,1.46238700226082,2.4718362885725185,1.5284435388237874,0.3623956380392274,0.3479317740878771,0.2798525678520968,0.03421475746567053,0.1182378893606771,0.13599436712581603,0.04308112077596992,0.24274678672535907,0.08483893430844416,0.06300927224817453
0.18799994879923274,0.22438898902269694,0.22528249427071584,0.2193292769614921,0.1932494785350739,0.17439717211123698,0.15913792795237636,0.1908168974917623,0.15403683663055712,0.18481452378483124,0.18537353202765827,0.11689285871057209,0.10884296736746811,1.2433830907216117,0.49921265686105865,2.3180946248603354,1.3033396768611023,2.4759033410504685,1.4053894524266404,2.0044069490436396,1.4498874921640716,2.0127672695761416,1.4087733461527208,0.2016102642954414,0.18885916450919474,0.23743212831226987,0.31629378542038583,0.12987318713619206,0.6766635328763854,0.12538206103900792,0.6766495143327619,0.07319158217605501,0.9007632200174968
0.1469336579299832,0.1664019528663872,0.170105503155889,0.1556989712197851,0.1361973592207694,0.12239373286482187,0.10762228631423007,0.11289130765408256,0.05228748287782633,0.12574003202121317,0.10746147912926755,0.10973116645490748,0.07768589791691562,1.2418445793904167,0.6359421219975917,2.6724192365011525,1.547656314706473,3.335580203348027,1.7508894136421844,4.131038444517294,1.7273194346677234,3.8205667129306593,1.623697346286912,0.18088481327307607,0.15143503019140503,0.13803381901254536,0.6872854269993484,0.09734705581829858,0.8716156417181691,0.1002457820015075,0.9340545762175549,0.2905925012368642,0.8309751583582465
0.16459748199823399,0.18295409501569318,0.18412486707114145,0.1884211616579045,0.17270705580326348,0.17151872650770233,0.17077945290542715,0.19646479386602403,0.15315079879812218,0.17611918701511098,0.1678081545646899,0.10834935615559092,0.11073732114874504,0.20057060222776082,0.4637692616934853,0.8567027404738363,0.8603027951107934,1.0887614890818542,1.0680271323618964,1.2325000238688633,1.1430850681510203,1.1599728117744994,1.1148781022436411,0.22231541910759342,0.382697059976989,0.5785578551228842,0.8687159343746939,0.045475026957449066,0.8911439863919939,0.2691000744013092,0.7966733832450477,0.16115449267749862,0.9957643672428278
0.07490987570331305,0.08486823785013711,0.08186513628236618,0.079628637905426,0.07508086705355632,0.07280260708528495,0.08306489293435645,0.0631208181614648,0.08161179809232148,0.0596551836367917,0.0669421561444032,0.090915954691138,0.03772661061028014,0.2104456730803263,0.06483375321255189,0.6343299690454048,0.5652409191598895,0.8261646368220679,0.603469688355862,0.8901444346517765,0.63210696985135,0.8267228289872458,0.6224327896945822,0.025833696215897716,0.021034344679888312,0.06226081603080577,0.1113126984658275,0.008996264806984226,0.044562085786505175,0.033952865001729865,0.05226410566341411,0.047449916185402355,0.05196884373415905
0.17038612212824633,0.17876697863358793,0.18019636418157248,0.1687334894595987,0.15634957077266703,0.14293269332053404,0.1229434359860939,0.15114172599830922,0.07995898274416374,0.14419376361177708,0.12597662801609014,0.06539736530654064,0.06364377509327808,0.5370240071378405,0.8920738801582422,1.9533786065613405,1.8191520819038867,2.4133785908573806,2.0622037549744983,2.538114754277853,2.113945770054709,2.3973989534817868,2.062133002686627,0.034472868779085654,0.08551798608968449,0.05364525451180657,0.2195744791555507,0.11135045410149562,0.012949968947075346,0.11322310853395381,0.03101567711136203,0.04939634436452397,0.05776596956795322
0.25929990843963835,0.26547725225729174,0.2562985694328426,0.259439455702236,0.26794185132667053,0.2522866692200471,0.23683079108434754,0.2004653771227206,0.16363374890957827,0.193886942787825,0.213700973029417,0.4777601824600282,0.12280903099372946,1.7749328114223961,0.9251571666316283,2.7950321466479657,2.091390329466923,3.103044953803859,2.2950320029769986,3.065390352575842,2.3248445920705176,2.9592134847537,2.252453994469268,0.16484170853696695,0.14563427982142602,0.153088306897979,0.07481282040524362,0.05988254912064376,0.0463457473693452,0.05668479699093317,0.10273078968736052,0.08576043101458669,0.05962747570814934
0.28604761095404097,0.2721122716584263,0.2616885377902863,0.24594204633741557,0.280118203094609,0.28224019573876874,0.2808853774807962,0.17593244720364723,0.2353607833781198,0.21875426192166042,0.242961614002288,0.21510067521357706,0.10011212452017286,0.36185276423441876,0.5448257981172177,0.8861799876124897,1.484671004874285,1.0642604501158195,1.7043547133782182,1.1395338784878835,1.8320560752771728,1.110886340042295,1.756361452363222,0.13519506707489293,0.09084286813395093,0.09441461591506288,0.16455426944619356,0.0773392060074742,0.24103593257248804,0.15578418038594793,0.43205241580141784,0.05791064642816417,0.2724520601916215
0.4579224880539317,0.3902863108839517,0.341735285064848,0.30601039097438326,0.5438750035272918,0.5696088512712765,0.5878265979568925,0.2459100290381674,0.5791227031140381,0.35947847989365417,0.4923171413471228,0.14912575505001768,0.7703004096049111,0.4919381577379586,1.016329973901201,0.2744423864531319,2.6219494413759032,1.2646331818084875,3.068055210926101,1.7270535299821854,3.1155900683172115,1.5961566619351761,2.990345599539273,0.5791827447335093,0.7231359068674591,0.8048478694896454,1.242037323582328,0.18494032279692088,1.5254636062756943,0.01709496862347014,1.5421416433309059,0.20801405698438896,1.2513649059950467
0.4589948007379706,0.42470510201743655,0.4143021564896062,0.40570824566307595,0.4604934670591061,0.4692417330725692,0.4847709051659116,0.4149575647610241,0.4978430919035585,0.4592208135331994,0.5247524575209722,0.5261728673162541,0.7224081736579822,1.3797490366834384,1.6485706271510063,3.553159802834739,2.4126467958968956,2.984708977910398,2.588133274115723,2.6568159842544046,2.5361531485511444,2.616080129464143,2.428035109213527,0.3688356823742927,0.3765349589039166,0.4799597015926492,0.4877695541860642,0.32607546206186255,0.8362100309802104,0.32365063514453535,0.8203390262853166,0.04024987269978712,1.0693158523014814
0.09143214640339907,0.07964977722832536,0.07742629159082562,0.07756129746627646,0.07941969722716852,0.07952130928961099,0.08084806675078708,0.09097035559343919,0.08562274119431296,0.09978561414095456,0.11651335035385574,0.18418605296679047,0.05445695868563079,0.10524935238347932,0.7004536104693021,0.9212257557367406,0.7868716368470672,1.2235182723087659,0.9083889041289549,1.0327378473103959,0.8941084799086544,0.9361122835324795,0.848867123992097,0.23861675598718088,0.27795587952914197,0.25331387034585484,0.5863702529669567,0.12705935560106957,0.437874235036788,0.13785219037388935,0.41879330324372405,0.00978911359312637,0.39436649361508413
0.08847371803846267,0.07718226249580984,0.07773190190313765,0.07846449003247462,0.0744150799452055,0.0700417284998795,0.06359610478066555,0.0789950565286614,0.06393144844260412,0.07551396507306354,0.08371229196495963,0.16918883636353277,0.09319126096714439,0.2958816631724558,0.00599846421354336,0.17365298403301538,0.0964791465540936,0.09143361021096424,0.09790491055979879,0.0948219204785856,0.1102260546421946,0.11812907233588817,0.12179799549028031,0.1850522060859376,0.17597790049662995,0.1301973920283008,0.13610640066413524,0.06261564253849677,0.12552515256157357,0.11329501008357411,0.13315360817287242,0.018283173470008074,0.07380195786452391
0.07998134431830745,0.07289635195756254,0.07202692137019746,0.06999658445555774,0.07891886044354489,0.07868274215812827,0.08174136782018049,0.052377375722543154,0.06471870589344433,0.07154136885642838,0.0772045432055556,0.06686492629418467,0.09238767978520236,0.23713827230634235,0.06795478631562174,0.022398779317021555,0.08838674346397385,0.05891560781618295,0.11408092787140013,0.05416537628185516,0.12279802694641438,0.0227340330296045,0.13709239792431552,0.09533050858903416,0.10503407141593603,0.04634691620117169,0.04743774579974927,0.06435632998544617,0.08694840016116978,0.04255871384667847,0.07306380520027404,0.012217876573067424,0.0962336531181806
0.05027068560303505,0.05457775225332872,0.051827886302552285,0.04835028679743715,0.05503480417944775,0.05326450034810373,0.05119344709820064,0.03518863802902031,0.012364940277333382,0.030119500587962523,0.014960850487072998,0.07067493867029187,0.10373069924679958,0.10524671197207419,0.06789954338707516,0.0515988404462651,0.047462918759963876,0.07574853354925697,0.0701634783166993,0.07145330410723345,0.07019240795326877,0.06110345989320523,0.055857021854415684,0.08354341486086889,0.06873195288733595,0.06085344667532498,0.058893368992437835,0.04738197069126277,0.057584209384564045,0.062341225819456086,0.05917944846236288,0.00667589317250993,0.09630679237843906
